date,equity,cash,position_value,open_positions,gross_exposure
2025-01-12,99950.0,80000.0,19950.0,1,0.19959979989994997
2025-01-13,99004.61937500001,99004.61937500001,0.0,0,0.0
2025-01-14,99004.61937500001,99004.61937500001,0.0,0,0.0
2025-01-15,99004.61937500001,99004.61937500001,0.0,0,0.0
2025-01-16,99004.61937500001,99004.61937500001,0.0,0,0.0
2025-01-19,99004.61937500001,99004.61937500001,0.0,0,0.0
2025-01-20,99004.61937500001,99004.61937500001,0.0,0,0.0
2025-01-21,99004.61937500001,99004.61937500001,0.0,0,0.0
2025-01-22,99004.61937500001,99004.61937500001,0.0,0,0.0
2025-01-23,99004.61937500001,99004.61937500001,0.0,0,0.0
2025-01-26,99004.61937500001,99004.61937500001,0.0,0,0.0
2025-01-27,99004.61937500001,99004.61937500001,0.0,0,0.0
2025-01-28,99004.61937500001,99004.61937500001,0.0,0,0.0
2025-01-29,99004.61937500001,99004.61937500001,0.0,0,0.0
2025-01-30,99004.61937500001,99004.61937500001,0.0,0,0.0
2025-02-02,99004.61937500001,99004.61937500001,0.0,0,0.0
2025-02-03,99004.61937500001,99004.61937500001,0.0,0,0.0
2025-02-04,99004.61937500001,99004.61937500001,0.0,0,0.0
2025-02-05,99004.61937500001,99004.61937500001,0.0,0,0.0
2025-02-06,99004.61937500001,99004.61937500001,0.0,0,0.0
2025-02-09,99004.61937500001,99004.61937500001,0.0,0,0.0
2025-02-10,99004.61937500001,99004.61937500001,0.0,0,0.0
2025-02-11,98955.1170653125,79203.6955,19751.421565312503,1,0.19959979989995
2025-02-12,98439.86360315491,79203.6955,19236.168103154912,1,0.1954103490096507
2025-02-13,98697.4903342337,79203.6955,19493.794834233708,1,0.19751054224599862
2025-02-16,99092.5195621959,79203.6955,19888.824062195905,1,0.20070964135403369
2025-02-17,98920.76791638044,79203.6955,19717.072416380444,1,0.19932186973161845
2025-02-18,99126.86871112796,79203.6955,19923.173211127963,1,0.20098660908161414
2025-02-19,99540.80241338696,59285.57595755139,40255.22645583557,2,0.404409302314623
2025-02-20,99204.92028133654,39434.66644652857,59770.25383480797,3,0.6024928366990742
2025-02-23,99852.53098137933,0.0,99852.53098137933,5,1.0
2025-02-24,98369.73367178105,0.0,98369.73367178105,5,1.0
2025-02-25,97695.18053773674,0.0,97695.18053773674,5,1.0
2025-02-26,97737.37393591003,0.0,97737.37393591003,5,1.0
2025-02-27,98975.7116141745,0.0,98975.7116141745,5,1.0
2025-03-02,98779.110082811,0.0,98779.110082811,5,1.0
2025-03-03,98236.1164680942,0.0,98236.1164680942,5,1.0
2025-03-04,99632.25865293789,20627.183840224432,79005.07481271346,4,0.7929668149742765
2025-03-05,98583.86294370596,20627.183840224432,77956.67910348153,4,0.7907651087683274
2025-03-06,99879.73930125561,20627.183840224432,79252.55546103118,4,0.7934797989609378
2025-03-09,106001.61555624785,43207.271077975536,62794.34447827231,3,0.5923904475300342
2025-03-10,106882.65476234951,65404.16292291708,41478.491839432434,2,0.3880750523240526
2025-03-11,106564.03119799451,65404.16292291708,41159.86827507743,2,0.3862454133196497
2025-03-12,107521.87941289975,65404.16292291708,42117.71648998267,2,0.3917129864168805
2025-03-13,107758.48763830462,43436.9468847636,64321.54075354102,3,0.5969046352008824
2025-03-16,107273.34527947853,43436.9468847636,63836.398394714925,3,0.5950816414683665
2025-03-17,106929.49613127412,43436.9468847636,63492.54924651052,3,0.5937795607730408
2025-03-18,107821.02861178874,43436.9468847636,64384.08172702514,3,0.5971384483711523
2025-03-19,107334.05632782714,43436.9468847636,63897.10944306354,3,0.595310674255192
2025-03-20,110066.94842688943,67466.3241601093,42600.62426678013,2,0.38704283961390146
2025-03-23,110288.84506856636,67466.3241601093,42822.52090845705,2,0.38827608432960176
2025-03-24,110556.86473307351,67466.3241601093,43090.54057296421,2,0.38975906812300826
2025-03-25,110887.41519957059,67466.3241601093,43421.091039461295,2,0.3915781692747893
2025-03-26,111261.73726750512,67466.3241601093,43795.41310739581,2,0.39362510583579224
2025-03-27,110824.5916041868,67466.3241601093,43358.2674440775,2,0.3912332706709427
2025-04-03,110898.02450860747,88829.43117027738,22068.593338330083,1,0.1989989761866065
2025-04-06,109976.04692828993,88829.43117027738,21146.615758012536,1,0.19228383224031706
2025-04-07,109858.34905657811,88829.43117027738,21028.91788630073,1,0.19141847721988461
2025-04-08,110348.76340652234,88829.43117027738,21519.332236244958,1,0.19501199263074862
2025-04-09,109815.56148657628,109815.56148657628,0.0,0,0.0
2025-04-10,109815.56148657628,109815.56148657628,0.0,0,0.0
2025-04-13,109815.56148657628,109815.56148657628,0.0,0,0.0
2025-04-14,109815.56148657628,109815.56148657628,0.0,0,0.0
2025-04-15,109815.56148657628,109815.56148657628,0.0,0,0.0
2025-04-16,109760.65370583298,87852.44918926102,21908.20451657197,1,0.19959979989995
2025-04-17,110070.72305914114,87852.44918926102,22218.273869880104,1,0.20185452818314092
2025-04-22,110725.93460011961,87852.44918926102,22873.485410858586,1,0.20657748786194374
2025-04-23,111067.42884498637,65627.85112122973,45439.57772375664,2,0.4091170399485466
2025-04-27,114813.5093939113,91896.75589307558,22916.753500835723,1,0.19959979989994997
2025-04-28,114634.2821901206,91896.75589307558,22737.526297045024,1,0.19834839859977407
2025-04-29,114430.39600989858,68999.22792711288,45431.168082785705,2,0.3970201071300651
2025-04-30,115561.24405326153,22740.038805889657,92821.20524737186,4,0.803220889562171
2025-05-04,115507.74731911215,22740.038805889657,92767.70851322249,4,0.8031297524739534
2025-05-05,115596.38462940478,22740.038805889657,92856.34582351512,4,0.803280709177948
2025-05-06,114435.00682296582,0.0,114435.00682296582,5,1.0
2025-05-07,112756.67383653104,21757.940181076952,90998.7336554541,4,0.8070363425882843
2025-05-08,113569.50703222775,21757.940181076952,91811.5668511508,4,0.8084174110670158
2025-05-11,112884.86426011503,21757.940181076952,91126.92407903809,4,0.8072554693343016
2025-05-12,115783.3108739401,47527.27670967385,68256.03416426625,3,0.589515307940887
2025-05-13,117174.87994863211,47527.27670967385,69647.60323895825,3,0.5943902248458955
2025-05-14,117123.25567290762,47527.27670967385,69595.97896323376,3,0.5942114447159478
2025-05-15,117204.94505319116,24074.56134135146,93130.3837118397,4,0.7945943208247256
2025-05-18,115892.92252608475,45905.347185666324,69987.57534041842,3,0.6038986144703175
2025-05-19,114759.14101154546,44550.326432361726,70208.81457918373,3,0.6117927858323747
2025-05-20,116309.1520648924,44550.326432361726,71758.82563253069,3,0.6169662864749823
2025-05-21,117174.59840073921,46885.91107313117,70288.68732760804,3,0.5998628396166504
2025-05-22,116682.70215564428,46885.91107313117,69796.79108251311,3,0.5981759917542057
2025-05-25,117344.38796311876,46885.91107313117,70458.47688998759,3,0.6004418116027214
2025-05-26,117789.64401620853,0.0,117789.64401620853,5,1.0
2025-05-27,119321.94130456798,0.0,119321.94130456798,5,1.0
2025-05-28,117973.52272015298,0.0,117973.52272015298,5,1.0
2025-05-29,118775.14321272873,0.0,118775.14321272873,5,1.0
2025-06-01,120764.22373407689,0.0,120764.22373407689,5,1.0
2025-06-02,120737.83856821757,24383.972368851613,96353.86619936596,4,0.7980420002709049
2025-06-03,121142.35163593065,50354.71411254168,70787.63752338897,3,0.5843343518386303
2025-06-04,121683.88249613509,50354.71411254168,71329.16838359341,3,0.5861841923548006
2025-06-10,121353.0366062068,50354.71411254168,70998.32249366512,3,0.5850560025461595
2025-06-11,121259.2195436989,50354.71411254168,70904.50543115722,3,0.5847349644668045
2025-06-12,120240.94960529852,72729.80364991198,47511.14595538654,2,0.3951328238120711
2025-06-15,117966.77522743776,117966.77522743776,0.0,0,0.0
2025-06-16,117966.77522743776,117966.77522743776,0.0,0,0.0
2025-06-17,117966.77522743776,117966.77522743776,0.0,0,0.0
2025-06-18,117966.77522743776,117966.77522743776,0.0,0,0.0
2025-06-19,117966.77522743776,117966.77522743776,0.0,0,0.0
2025-06-22,117966.77522743776,117966.77522743776,0.0,0,0.0
2025-06-23,117966.77522743776,117966.77522743776,0.0,0,0.0
2025-06-24,117966.77522743776,117966.77522743776,0.0,0,0.0
2025-06-25,117966.77522743776,117966.77522743776,0.0,0,0.0
2025-06-29,117966.77522743776,117966.77522743776,0.0,0,0.0
2025-06-30,117907.79183982404,94373.4201819502,23534.371657873835,1,0.19959979989995
2025-07-01,117944.37710327447,70772.74442341604,47171.632679858434,2,0.3999481267220904
2025-07-02,118264.88458624078,70772.74442341604,47492.14016282474,2,0.4015743162391763
2025-07-06,119913.11169770785,70772.74442341604,49140.36727429181,2,0.4097997840150381
2025-07-07,119971.74173355299,70772.74442341604,49198.997310136954,2,0.4100882141013151
2025-07-09,121689.70900256501,97065.34443959269,24624.364562972318,1,0.20235371392377377
2025-07-10,121818.69448501484,97065.34443959269,24753.350045422147,1,0.20319828701223772
2025-07-13,121308.6182426428,97065.34443959269,24243.273803050106,1,0.19984790985384443
2025-07-14,121326.20635878209,97065.34443959269,24260.8619191894,1,0.19996390431466993
2025-07-15,121337.93176954162,97065.34443959269,24272.58732994893,1,0.2000412152734736
2025-07-16,120544.4804996401,97065.34443959269,23479.13606004742,1,0.19477570406151876
2025-07-17,120737.95723229111,97065.34443959269,23672.61279269841,1,0.19606603702225983
2025-07-20,122358.75644462617,48085.109747753515,74273.64669687265,3,0.607015377199305
2025-07-21,122162.77389074306,48085.109747753515,74077.66414298955,3,0.6063849222124026
2025-07-22,122107.411233441,48085.109747753515,74022.30148568748,3,0.6062064598533994
2025-07-23,122107.411233441,48085.109747753515,74022.30148568748,3,0.6062064598533994
2025-07-27,121621.10207803428,72686.90138162463,48934.20069640965,2,0.4023495911508234
2025-07-28,121450.05831504667,72686.90138162463,48763.15693342204,2,0.4015078922969993
2025-07-29,121120.39959137104,95952.35004023842,25168.049551132608,1,0.20779364695000271
2025-07-30,120082.92739833497,71923.75026068164,48159.17713765333,2,0.4010493263368019
2025-07-31,120292.03156268632,71923.75026068164,48368.281302004674,2,0.40209048491128946
2025-08-03,120292.03156268632,71923.75026068164,48368.281302004674,2,0.40209048491128946
2025-08-04,120292.03156268632,71923.75026068164,48368.281302004674,2,0.40209048491128946
2025-08-05,120292.03156268632,71923.75026068164,48368.281302004674,2,0.40209048491128946
2025-08-06,120292.03156268632,71923.75026068164,48368.281302004674,2,0.40209048491128946
2025-08-07,120292.03156268632,71923.75026068164,48368.281302004674,2,0.40209048491128946
2025-08-10,123625.09002355841,98701.39005521817,24923.699968340232,1,0.201607133014752
2025-08-11,124413.23136195977,74735.096553091,49678.13480886876,2,0.3992994496247624
2025-08-12,123967.3081527252,74735.096553091,49232.2115996342,2,0.39713866771214484
2025-08-13,125188.04525376768,74735.096553091,50452.94870067667,2,0.4030173056732686
2025-08-14,124535.28985302802,74735.096553091,49800.19329993702,2,0.3998882032451153
2025-08-17,123518.11818869459,73687.0380031142,49831.080185580395,2,0.4034313420275322
2025-08-18,127028.48366878813,101430.30482100064,25598.17884778749,1,0.20151526735162595
2025-08-19,127092.95082843851,101430.30482100064,25662.646007437877,1,0.20192029408522918
2025-08-20,126296.31766479039,101430.30482100064,24866.012843789747,1,0.1968862853926424
2025-08-21,126121.33411959765,101430.30482100064,24691.029298597023,1,0.19577202755548992
2025-08-24,126231.85050514,101430.30482100064,24801.545684139364,1,0.19647613169648873
2025-08-25,126061.47276083565,101430.30482100064,24631.16793983501,1,0.1953901330866201
2025-08-26,125946.35233100329,101430.30482100064,24516.04751000265,1,0.1946546847626941
2025-08-27,126233.16950595798,76171.04128804256,50062.12821791543,2,0.3965845776814832
2025-08-28,126361.57545184152,50886.08371888968,75475.49173295185,3,0.5972978056269709
2025-08-31,124788.98480941891,50886.08371888968,73902.90109052922,3,0.5922229530386494
2025-09-01,126270.59539669554,50886.08371888968,75384.51167780586,3,0.5970076520267888
2025-09-02,126980.98649547836,25477.181968919016,101503.80452655934,4,0.799362229952228
2025-09-03,127350.56047903748,25477.181968919016,101873.37851011846,4,0.799944484947024
2025-09-07,131671.41548568627,53020.8449076501,78650.57057803619,3,0.5973245619630035
2025-09-08,133126.90551867645,81336.70288012965,51790.202638546805,2,0.38902881755394764
2025-09-09,133134.98665281283,81336.70288012965,51798.28377268318,2,0.3890659027725136
2025-09-10,132524.3788114434,54818.568050426125,77705.81076101729,3,0.5863510658033542
2025-09-11,131979.52779723436,54818.568050426125,77160.95974680824,3,0.5846433991289455
2025-09-14,131733.2825869591,2085.708667733332,129647.57391922578,5,0.9841671851883254
2025-09-15,130976.9570150084,27284.061616405637,103692.89539860276,4,0.7916880782832723
2025-09-16,127696.89958178057,76371.07448601726,51325.82509576331,2,0.40193477886981005
2025-09-17,127273.99167542199,76371.07448601726,50902.91718940473,2,0.3999475188868037
2025-09-18,127439.44328558925,101080.42343453945,26359.0198510498,1,0.2068356481437208
2025-09-21,127022.90608518424,101080.42343453945,25942.48265064479,1,0.2042346805799516
2025-09-22,126814.63748498174,101080.42343453945,25734.214050442286,1,0.20292778941618556
2025-09-23,127035.9231830416,101080.42343453945,25955.49974850214,1,0.20431622094093632
2025-09-24,127074.97199385609,101080.42343453945,25994.54855931664,1,0.20456072625043303
2025-09-25,127504.52629211845,101080.42343453945,26424.102857579,1,0.2072405084431295
2025-09-28,129509.41058020419,75165.5838987307,54343.82668147348,2,0.4196129566030166
2025-09-29,129254.53101790044,49301.7457760893,79952.78524181114,3,0.6185685299553522
2025-09-30,130267.8090580082,23235.15066693308,107032.65839107512,4,0.8216355150596992
2025-10-01,129659.00791618344,23235.15066693308,106423.85724925036,4,0.820798022132383
2025-10-02,129999.34732929608,23235.15066693308,106764.196662363,4,0.8212671744568296
2025-10-05,133119.75824239012,25973.466626011672,107146.29161637845,4,0.8048864648723439
2025-10-06,133973.11686888034,25973.466626011672,107999.65024286868,4,0.8061292650865776
2025-10-07,134592.62133204614,54853.14520859369,79739.47612345245,3,0.592450576668178
2025-10-08,134454.22997522104,54853.14520859369,79601.08476662736,3,0.5920310932671831
2025-10-12,133494.9860984626,54853.14520859369,78641.8408898689,3,0.5890995848478131
2025-10-13,134685.85652312322,27902.498580655083,106783.35794246812,4,0.792832749473849
2025-10-14,136204.87603409696,3064.4199111529706,133140.456122944,5,0.9775013934861932
2025-10-15,137911.4001515361,5502.331098512266,132409.06905302382,5,0.9601024201591286
2025-10-16,138062.50391972368,5502.331098512266,132560.1728212114,5,0.960146086429726
2025-10-19,138772.9549971036,5502.331098512266,133270.62389859135,5,0.9603501193829367
2025-10-20,140215.29593172873,5502.331098512266,134712.96483321645,5,0.9607579824872218
2025-10-21,143608.15481648876,32407.08507810871,111201.06973838004,4,0.7743367351281655
2025-10-22,143084.10845205543,58343.510127938585,84740.59832411684,3,0.5922432563677167
2025-10-23,143298.95742908164,58343.510127938585,84955.44730114305,3,0.5928546084725518
2025-10-26,144755.9249710524,29377.842299814045,115378.08267123834,4,0.7970525744926235
2025-10-27,144187.82950377392,525.8504031109114,143661.979100663,5,0.9963530181089442
2025-10-28,142179.64161742592,525.8504031109114,141653.79121431502,5,0.9963015070432808
2025-10-29,144442.4344853682,58703.5607345905,85738.8737507777,3,0.5935850780711046
2025-10-30,143879.02382054992,58703.5607345905,85175.46308595942,3,0.59199361257964
2025-11-02,146914.4660598761,118143.21534107567,28771.25071880044,1,0.19583674426638487
2025-11-03,146996.45119062,88729.21810433331,58267.23308628667,2,0.39638530464063865
2025-11-04,148095.41846466652,88729.21810433331,59366.200360333205,2,0.4008645302859058
2025-11-05,149149.30232925096,116652.88222939483,32496.420099856117,1,0.21787845864755992
2025-11-06,149432.04664800118,149432.04664800118,0.0,0,0.0
2025-11-09,149432.04664800118,149432.04664800118,0.0,0,0.0
2025-11-10,149432.04664800118,149432.04664800118,0.0,0,0.0
2025-11-11,149432.04664800118,149432.04664800118,0.0,0,0.0
2025-11-12,149432.04664800118,149432.04664800118,0.0,0,0.0
2025-11-13,149432.04664800118,149432.04664800118,0.0,0,0.0
2025-11-16,149432.04664800118,149432.04664800118,0.0,0,0.0
2025-11-17,149357.33062467718,119545.63731840094,29811.693306276236,1,0.19959979989994997
2025-11-18,149282.4269444441,119545.63731840094,29736.789626043166,1,0.19919819254485863
2025-11-19,149095.16685093913,119545.63731840094,29549.529532538185,1,0.19819240393004098
2025-11-20,152091.3158461066,119545.63731840094,32545.67852770566,1,0.21398775036332096
2025-11-23,152851.26108017276,152851.26108017276,0.0,0,0.0
2025-11-24,152774.83544963266,122281.0088641382,30493.826585494466,1,0.19959979989995
2025-11-25,152469.89747458952,122281.0088641382,30188.888610451315,1,0.19799900905345963
2025-11-26,152393.66298082873,122281.0088641382,30112.654116690526,1,0.19759781035303764
2025-11-27,151329.80924231256,151329.80924231256,0.0,0,0.0
2025-11-30,151329.80924231256,151329.80924231256,0.0,0,0.0
2025-12-01,151329.80924231256,151329.80924231256,0.0,0,0.0
2025-12-02,151329.80924231256,151329.80924231256,0.0,0,0.0
2025-12-03,151329.80924231256,151329.80924231256,0.0,0,0.0
2025-12-04,151254.14433769142,121063.84739385005,30190.29694384136,1,0.19959979989994997
2025-12-07,151569.72290214724,121063.84739385005,30505.8755082972,1,0.201266288043501
2025-12-08,151815.17475449352,121063.84739385005,30751.327360643474,1,0.20255766533465902
2025-12-09,150833.37403307867,121063.84739385005,29769.52663922862,1,0.19736697418636265
2025-12-10,151148.95259753452,121063.84739385005,30085.10520368446,1,0.1990427633580254
2025-12-11,150728.18229292176,121063.84739385005,29664.334899071717,1,0.19680682436296296
2025-12-14,150868.43906112603,121063.84739385005,29804.591667275963,1,0.19755352314078295
2025-12-15,150167.1552201048,121063.84739385005,29103.30782625473,1,0.19380608085434584
2025-12-16,149823.50164126512,149823.50164126512,0.0,0,0.0
2025-12-17,149823.50164126512,149823.50164126512,0.0,0,0.0
2025-12-18,149823.50164126512,149823.50164126512,0.0,0,0.0
2025-12-21,149823.50164126512,149823.50164126512,0.0,0,0.0
2025-12-22,149748.58989044448,119858.8013130121,29889.78857743239,1,0.19959979989995
2025-12-23,149688.80899009653,89906.06314590924,59782.74584418729,2,0.3993801958043673
2025-12-24,150591.99634876125,89906.06314590924,60685.93320285201,2,0.4029824603845967
2025-12-25,150639.6964889571,89906.06314590924,60733.63334304786,2,0.4031715063067725
2025-12-28,152316.34031637,89906.06314590924,62410.27717046079,2,0.4097411810238545
2025-12-29,152843.11439918831,123285.60422849585,29557.510170692447,1,0.19338463683418253
2025-12-30,152737.3904991384,123285.60422849585,29451.786270642544,1,0.1928263025471074
2025-12-31,152811.98166374,92707.91905316018,60104.06261057983,2,0.39332035326155074
2026-01-04,151549.8264966181,121181.3052743795,30368.521222238614,1,0.20038638066613887
2026-01-05,150237.16868067122,150237.16868067122,0.0,0,0.0
